function,module,link,has_spec,has_proof
& 'a AffineNielsPoint::neg,curve25519_dalek::backend::serial::curve_models,https://github.com/avrevic/dalek-lite-fork/blob/main/curve25519-dalek/src/backend/serial/curve_models/mod.rs#L1706,yes,
& 'a EdwardsBasepointTable::mul,curve25519_dalek::edwards,https://github.com/avrevic/dalek-lite-fork/blob/main/curve25519-dalek/src/edwards.rs#L3585,yes,yes
& 'a EdwardsPoint::add,curve25519_dalek::backend::serial::curve_models,https://github.com/avrevic/dalek-lite-fork/blob/main/curve25519-dalek/src/backend/serial/curve_models/mod.rs#L925,yes,yes
& 'a EdwardsPoint::add,curve25519_dalek::backend::serial::curve_models,https://github.com/avrevic/dalek-lite-fork/blob/main/curve25519-dalek/src/backend/serial/curve_models/mod.rs#L1314,yes,yes
& 'a EdwardsPoint::add,curve25519_dalek::edwards,https://github.com/avrevic/dalek-lite-fork/blob/main/curve25519-dalek/src/edwards.rs#L1992,yes,yes
& 'a EdwardsPoint::mul,curve25519_dalek::edwards,https://github.com/avrevic/dalek-lite-fork/blob/main/curve25519-dalek/src/edwards.rs#L2519,yes,yes
& 'a EdwardsPoint::neg,curve25519_dalek::edwards,https://github.com/avrevic/dalek-lite-fork/blob/main/curve25519-dalek/src/edwards.rs#L2364,yes,yes
& 'a EdwardsPoint::sub,curve25519_dalek::backend::serial::curve_models,https://github.com/avrevic/dalek-lite-fork/blob/main/curve25519-dalek/src/backend/serial/curve_models/mod.rs#L1127,yes,yes
& 'a EdwardsPoint::sub,curve25519_dalek::backend::serial::curve_models,https://github.com/avrevic/dalek-lite-fork/blob/main/curve25519-dalek/src/backend/serial/curve_models/mod.rs#L1486,yes,yes
& 'a EdwardsPoint::sub,curve25519_dalek::edwards,https://github.com/avrevic/dalek-lite-fork/blob/main/curve25519-dalek/src/edwards.rs#L2115,yes,yes
& 'a ProjectiveNielsPoint::neg,curve25519_dalek::backend::serial::curve_models,https://github.com/avrevic/dalek-lite-fork/blob/main/curve25519-dalek/src/backend/serial/curve_models/mod.rs#L1644,yes,
& 'a RistrettoBasepointTable::mul,curve25519_dalek::ristretto,https://github.com/avrevic/dalek-lite-fork/blob/main/curve25519-dalek/src/ristretto.rs#L2224,yes,yes
& 'a RistrettoPoint::add,curve25519_dalek::ristretto,https://github.com/avrevic/dalek-lite-fork/blob/main/curve25519-dalek/src/ristretto.rs#L1550,yes,yes
& 'a RistrettoPoint::mul,curve25519_dalek::ristretto,https://github.com/avrevic/dalek-lite-fork/blob/main/curve25519-dalek/src/ristretto.rs#L1870,yes,yes
& 'a RistrettoPoint::neg,curve25519_dalek::ristretto,https://github.com/avrevic/dalek-lite-fork/blob/main/curve25519-dalek/src/ristretto.rs#L1813,yes,yes
& 'a RistrettoPoint::sub,curve25519_dalek::ristretto,https://github.com/avrevic/dalek-lite-fork/blob/main/curve25519-dalek/src/ristretto.rs#L1604,yes,yes
& 'a Scalar::mul,curve25519_dalek::edwards,https://github.com/avrevic/dalek-lite-fork/blob/main/curve25519-dalek/src/edwards.rs#L2542,yes,yes
& 'a Scalar::mul,curve25519_dalek::ristretto,https://github.com/avrevic/dalek-lite-fork/blob/main/curve25519-dalek/src/ristretto.rs#L1891,yes,yes
& 'b Scalar::mul,curve25519_dalek::edwards,https://github.com/avrevic/dalek-lite-fork/blob/main/curve25519-dalek/src/edwards.rs#L3607,yes,yes
& 'b Scalar::mul,curve25519_dalek::ristretto,https://github.com/avrevic/dalek-lite-fork/blob/main/curve25519-dalek/src/ristretto.rs#L2248,yes,yes
& FieldElement51::add,curve25519_dalek::backend::serial::u64::field,https://github.com/avrevic/dalek-lite-fork/blob/main/curve25519-dalek/src/backend/serial/u64/field.rs#L230,yes,yes
& FieldElement51::mul,curve25519_dalek::backend::serial::u64::field,https://github.com/avrevic/dalek-lite-fork/blob/main/curve25519-dalek/src/backend/serial/u64/field.rs#L482,yes,yes
& FieldElement51::neg,curve25519_dalek::backend::serial::u64::field,https://github.com/avrevic/dalek-lite-fork/blob/main/curve25519-dalek/src/backend/serial/u64/field.rs#L656,yes,yes
& FieldElement51::sub,curve25519_dalek::backend::serial::u64::field,https://github.com/avrevic/dalek-lite-fork/blob/main/curve25519-dalek/src/backend/serial/u64/field.rs#L335,yes,yes
& MontgomeryPoint::mul,curve25519_dalek::montgomery,https://github.com/avrevic/dalek-lite-fork/blob/main/curve25519-dalek/src/montgomery.rs#L2655,yes,yes
& Scalar::add,curve25519_dalek::scalar,https://github.com/avrevic/dalek-lite-fork/blob/main/curve25519-dalek/src/scalar.rs#L669,yes,yes
& Scalar::mul,curve25519_dalek::montgomery,https://github.com/avrevic/dalek-lite-fork/blob/main/curve25519-dalek/src/montgomery.rs#L2771,yes,yes
& Scalar::mul,curve25519_dalek::scalar,https://github.com/avrevic/dalek-lite-fork/blob/main/curve25519-dalek/src/scalar.rs#L589,yes,yes
& Scalar::neg,curve25519_dalek::scalar,https://github.com/avrevic/dalek-lite-fork/blob/main/curve25519-dalek/src/scalar.rs#L863,yes,yes
& Scalar::sub,curve25519_dalek::scalar,https://github.com/avrevic/dalek-lite-fork/blob/main/curve25519-dalek/src/scalar.rs#L742,yes,yes
AffineNielsPoint::conditional_assign,curve25519_dalek::backend::serial::curve_models,https://github.com/avrevic/dalek-lite-fork/blob/main/curve25519-dalek/src/backend/serial/curve_models/mod.rs#L516,yes,yes
AffineNielsPoint::conditional_select,curve25519_dalek::backend::serial::curve_models,https://github.com/avrevic/dalek-lite-fork/blob/main/curve25519-dalek/src/backend/serial/curve_models/mod.rs#L479,yes,yes
AffineNielsPoint::default,curve25519_dalek::backend::serial::curve_models,https://github.com/avrevic/dalek-lite-fork/blob/main/curve25519-dalek/src/backend/serial/curve_models/mod.rs#L312,yes,yes
AffineNielsPoint::identity,curve25519_dalek::backend::serial::curve_models,https://github.com/avrevic/dalek-lite-fork/blob/main/curve25519-dalek/src/backend/serial/curve_models/mod.rs#L299,yes,yes
AffineNielsPoint::zeroize,curve25519_dalek::backend::serial::curve_models,https://github.com/avrevic/dalek-lite-fork/blob/main/curve25519-dalek/src/backend/serial/curve_models/mod.rs#L212,yes,yes
BatchCompressState::efgh,curve25519_dalek::ristretto,https://github.com/avrevic/dalek-lite-fork/blob/main/curve25519-dalek/src/ristretto.rs#L730,yes,yes
BatchCompressState::from,curve25519_dalek::ristretto,https://github.com/avrevic/dalek-lite-fork/blob/main/curve25519-dalek/src/ristretto.rs#L747,yes,
CompletedPoint::as_extended,curve25519_dalek::backend::serial::curve_models,https://github.com/avrevic/dalek-lite-fork/blob/main/curve25519-dalek/src/backend/serial/curve_models/mod.rs#L715,yes,
CompletedPoint::as_projective,curve25519_dalek::backend::serial::curve_models,https://github.com/avrevic/dalek-lite-fork/blob/main/curve25519-dalek/src/backend/serial/curve_models/mod.rs#L588,yes,yes
CompressedEdwardsY::as_bytes,curve25519_dalek::edwards,https://github.com/avrevic/dalek-lite-fork/blob/main/curve25519-dalek/src/edwards.rs#L256,yes,yes
CompressedEdwardsY::ct_eq,curve25519_dalek::edwards,https://github.com/avrevic/dalek-lite-fork/blob/main/curve25519-dalek/src/edwards.rs#L233,yes,yes
CompressedEdwardsY::decompress,curve25519_dalek::edwards,https://github.com/avrevic/dalek-lite-fork/blob/main/curve25519-dalek/src/edwards.rs#L272,yes,yes
CompressedEdwardsY::default,curve25519_dalek::edwards,https://github.com/avrevic/dalek-lite-fork/blob/main/curve25519-dalek/src/edwards.rs#L854,yes,yes
CompressedEdwardsY::from_slice,curve25519_dalek::edwards,https://github.com/avrevic/dalek-lite-fork/blob/main/curve25519-dalek/src/edwards.rs#L866,yes,yes
CompressedEdwardsY::identity,curve25519_dalek::edwards,https://github.com/avrevic/dalek-lite-fork/blob/main/curve25519-dalek/src/edwards.rs#L766,yes,yes
CompressedEdwardsY::to_bytes,curve25519_dalek::edwards,https://github.com/avrevic/dalek-lite-fork/blob/main/curve25519-dalek/src/edwards.rs#L264,yes,yes
CompressedEdwardsY::try_from,curve25519_dalek::edwards,https://github.com/avrevic/dalek-lite-fork/blob/main/curve25519-dalek/src/edwards.rs#L620,yes,yes
CompressedEdwardsY::zeroize,curve25519_dalek::edwards,https://github.com/avrevic/dalek-lite-fork/blob/main/curve25519-dalek/src/edwards.rs#L974,yes,yes
CompressedRistretto::as_bytes,curve25519_dalek::ristretto,https://github.com/avrevic/dalek-lite-fork/blob/main/curve25519-dalek/src/ristretto.rs#L274,yes,yes
CompressedRistretto::ct_eq,curve25519_dalek::ristretto,https://github.com/avrevic/dalek-lite-fork/blob/main/curve25519-dalek/src/ristretto.rs#L255,yes,yes
CompressedRistretto::decompress,curve25519_dalek::ristretto,https://github.com/avrevic/dalek-lite-fork/blob/main/curve25519-dalek/src/ristretto.rs#L326,yes,
CompressedRistretto::default,curve25519_dalek::ristretto,https://github.com/avrevic/dalek-lite-fork/blob/main/curve25519-dalek/src/ristretto.rs#L501,yes,yes
CompressedRistretto::from_slice,curve25519_dalek::ristretto,https://github.com/avrevic/dalek-lite-fork/blob/main/curve25519-dalek/src/ristretto.rs#L282,yes,
CompressedRistretto::identity,curve25519_dalek::ristretto,https://github.com/avrevic/dalek-lite-fork/blob/main/curve25519-dalek/src/ristretto.rs#L317,yes,yes
CompressedRistretto::to_bytes,curve25519_dalek::ristretto,https://github.com/avrevic/dalek-lite-fork/blob/main/curve25519-dalek/src/ristretto.rs#L266,yes,yes
CompressedRistretto::zeroize,curve25519_dalek::ristretto,https://github.com/avrevic/dalek-lite-fork/blob/main/curve25519-dalek/src/ristretto.rs#L2445,yes,yes
EdwardsBasepointTable::basepoint,curve25519_dalek::edwards,https://github.com/avrevic/dalek-lite-fork/blob/main/curve25519-dalek/src/edwards.rs#L3158,yes,yes
EdwardsBasepointTable::create,curve25519_dalek::edwards,https://github.com/avrevic/dalek-lite-fork/blob/main/curve25519-dalek/src/edwards.rs#L3048,yes,yes
EdwardsBasepointTable::mul_base,curve25519_dalek::edwards,https://github.com/avrevic/dalek-lite-fork/blob/main/curve25519-dalek/src/edwards.rs#L3244,yes,yes
EdwardsPoint::add_assign,curve25519_dalek::edwards,https://github.com/avrevic/dalek-lite-fork/blob/main/curve25519-dalek/src/edwards.rs#L2072,yes,yes
EdwardsPoint::as_affine_niels,curve25519_dalek::edwards,https://github.com/avrevic/dalek-lite-fork/blob/main/curve25519-dalek/src/edwards.rs#L1404,yes,yes
EdwardsPoint::as_projective,curve25519_dalek::edwards,https://github.com/avrevic/dalek-lite-fork/blob/main/curve25519-dalek/src/edwards.rs#L1385,yes,yes
EdwardsPoint::as_projective_niels,curve25519_dalek::edwards,https://github.com/avrevic/dalek-lite-fork/blob/main/curve25519-dalek/src/edwards.rs#L1282,yes,yes
EdwardsPoint::compress,curve25519_dalek::edwards,https://github.com/avrevic/dalek-lite-fork/blob/main/curve25519-dalek/src/edwards.rs#L1623,yes,yes
EdwardsPoint::conditional_select,curve25519_dalek::edwards,https://github.com/avrevic/dalek-lite-fork/blob/main/curve25519-dalek/src/edwards.rs#L1117,yes,yes
EdwardsPoint::ct_eq,curve25519_dalek::edwards,https://github.com/avrevic/dalek-lite-fork/blob/main/curve25519-dalek/src/edwards.rs#L1177,yes,
EdwardsPoint::default,curve25519_dalek::edwards,https://github.com/avrevic/dalek-lite-fork/blob/main/curve25519-dalek/src/edwards.rs#L961,yes,yes
EdwardsPoint::double,curve25519_dalek::edwards,https://github.com/avrevic/dalek-lite-fork/blob/main/curve25519-dalek/src/edwards.rs#L1908,yes,yes
EdwardsPoint::eq,curve25519_dalek::edwards,https://github.com/avrevic/dalek-lite-fork/blob/main/curve25519-dalek/src/edwards.rs#L1253,yes,yes
EdwardsPoint::identity,curve25519_dalek::edwards,https://github.com/avrevic/dalek-lite-fork/blob/main/curve25519-dalek/src/edwards.rs#L903,yes,yes
EdwardsPoint::is_small_order,curve25519_dalek::edwards,https://github.com/avrevic/dalek-lite-fork/blob/main/curve25519-dalek/src/edwards.rs#L3761,yes,yes
EdwardsPoint::is_torsion_free,curve25519_dalek::edwards,https://github.com/avrevic/dalek-lite-fork/blob/main/curve25519-dalek/src/edwards.rs#L3805,yes,yes
EdwardsPoint::is_valid,curve25519_dalek::edwards,https://github.com/avrevic/dalek-lite-fork/blob/main/curve25519-dalek/src/edwards.rs#L1013,yes,yes
EdwardsPoint::mul_assign,curve25519_dalek::edwards,https://github.com/avrevic/dalek-lite-fork/blob/main/curve25519-dalek/src/edwards.rs#L2490,yes,yes
EdwardsPoint::mul_base,curve25519_dalek::edwards,https://github.com/avrevic/dalek-lite-fork/blob/main/curve25519-dalek/src/edwards.rs#L2563,yes,yes
EdwardsPoint::mul_base_clamped,curve25519_dalek::edwards,https://github.com/avrevic/dalek-lite-fork/blob/main/curve25519-dalek/src/edwards.rs#L2624,yes,yes
EdwardsPoint::mul_by_cofactor,curve25519_dalek::edwards,https://github.com/avrevic/dalek-lite-fork/blob/main/curve25519-dalek/src/edwards.rs#L3655,yes,yes
EdwardsPoint::mul_by_pow_2,curve25519_dalek::edwards,https://github.com/avrevic/dalek-lite-fork/blob/main/curve25519-dalek/src/edwards.rs#L3679,yes,yes
EdwardsPoint::mul_clamped,curve25519_dalek::edwards,https://github.com/avrevic/dalek-lite-fork/blob/main/curve25519-dalek/src/edwards.rs#L2589,yes,yes
EdwardsPoint::multiscalar_mul_verus,curve25519_dalek::edwards,https://github.com/avrevic/dalek-lite-fork/blob/main/curve25519-dalek/src/edwards.rs#L2913,yes,yes
EdwardsPoint::neg,curve25519_dalek::edwards,https://github.com/avrevic/dalek-lite-fork/blob/main/curve25519-dalek/src/edwards.rs#L2468,yes,yes
EdwardsPoint::nonspec_map_to_curve_verus,curve25519_dalek::edwards,https://github.com/avrevic/dalek-lite-fork/blob/main/curve25519-dalek/src/edwards.rs#L1784,yes,yes
EdwardsPoint::optional_multiscalar_mul_verus,curve25519_dalek::edwards,https://github.com/avrevic/dalek-lite-fork/blob/main/curve25519-dalek/src/edwards.rs#L2831,yes,yes
EdwardsPoint::sub_assign,curve25519_dalek::edwards,https://github.com/avrevic/dalek-lite-fork/blob/main/curve25519-dalek/src/edwards.rs#L2210,yes,yes
EdwardsPoint::sum,curve25519_dalek::edwards,https://github.com/avrevic/dalek-lite-fork/blob/main/curve25519-dalek/src/edwards.rs#L2322,yes,yes
EdwardsPoint::sum_of_slice,curve25519_dalek::edwards,https://github.com/avrevic/dalek-lite-fork/blob/main/curve25519-dalek/src/edwards.rs#L2236,yes,yes
EdwardsPoint::to_montgomery,curve25519_dalek::edwards,https://github.com/avrevic/dalek-lite-fork/blob/main/curve25519-dalek/src/edwards.rs#L1479,yes,yes
EdwardsPoint::vartime_double_scalar_mul_basepoint,curve25519_dalek::edwards,https://github.com/avrevic/dalek-lite-fork/blob/main/curve25519-dalek/src/edwards.rs#L2787,yes,yes
EdwardsPoint::zeroize,curve25519_dalek::edwards,https://github.com/avrevic/dalek-lite-fork/blob/main/curve25519-dalek/src/edwards.rs#L994,yes,yes
FieldElement51::add_assign,curve25519_dalek::backend::serial::u64::field,https://github.com/avrevic/dalek-lite-fork/blob/main/curve25519-dalek/src/backend/serial/u64/field.rs#L174,yes,yes
FieldElement51::as_bytes,curve25519_dalek::backend::serial::u64::field,https://github.com/avrevic/dalek-lite-fork/blob/main/curve25519-dalek/src/backend/serial/u64/field.rs#L1018,yes,yes
FieldElement51::conditional_assign,curve25519_dalek::backend::serial::u64::field,https://github.com/avrevic/dalek-lite-fork/blob/main/curve25519-dalek/src/backend/serial/u64/field.rs#L735,yes,yes
FieldElement51::conditional_select,curve25519_dalek::backend::serial::u64::field,https://github.com/avrevic/dalek-lite-fork/blob/main/curve25519-dalek/src/backend/serial/u64/field.rs#L673,yes,yes
FieldElement51::conditional_swap,curve25519_dalek::backend::serial::u64::field,https://github.com/avrevic/dalek-lite-fork/blob/main/curve25519-dalek/src/backend/serial/u64/field.rs#L692,yes,yes
FieldElement51::from_bytes,curve25519_dalek::backend::serial::u64::field,https://github.com/avrevic/dalek-lite-fork/blob/main/curve25519-dalek/src/backend/serial/u64/field.rs#L911,yes,yes
FieldElement51::from_limbs,curve25519_dalek::backend::serial::u64::field,https://github.com/avrevic/dalek-lite-fork/blob/main/curve25519-dalek/src/backend/serial/u64/field.rs#L776,yes,yes
FieldElement51::mul_assign,curve25519_dalek::backend::serial::u64::field,https://github.com/avrevic/dalek-lite-fork/blob/main/curve25519-dalek/src/backend/serial/u64/field.rs#L442,yes,yes
FieldElement51::negate,curve25519_dalek::backend::serial::u64::field,https://github.com/avrevic/dalek-lite-fork/blob/main/curve25519-dalek/src/backend/serial/u64/field.rs#L798,yes,yes
FieldElement51::pow2k,curve25519_dalek::backend::serial::u64::field,https://github.com/avrevic/dalek-lite-fork/blob/main/curve25519-dalek/src/backend/serial/u64/field.rs#L1142,yes,yes
FieldElement51::reduce,curve25519_dalek::backend::serial::u64::field,https://github.com/avrevic/dalek-lite-fork/blob/main/curve25519-dalek/src/backend/serial/u64/field.rs#L861,yes,yes
FieldElement51::square,curve25519_dalek::backend::serial::u64::field,https://github.com/avrevic/dalek-lite-fork/blob/main/curve25519-dalek/src/backend/serial/u64/field.rs#L1300,yes,yes
FieldElement51::square2,curve25519_dalek::backend::serial::u64::field,https://github.com/avrevic/dalek-lite-fork/blob/main/curve25519-dalek/src/backend/serial/u64/field.rs#L1323,yes,yes
FieldElement51::sub_assign,curve25519_dalek::backend::serial::u64::field,https://github.com/avrevic/dalek-lite-fork/blob/main/curve25519-dalek/src/backend/serial/u64/field.rs#L290,yes,yes
FieldElement51::zeroize,curve25519_dalek::backend::serial::u64::field,https://github.com/avrevic/dalek-lite-fork/blob/main/curve25519-dalek/src/backend/serial/u64/field.rs#L131,yes,yes
FieldElement::batch_invert,curve25519_dalek::field,https://github.com/avrevic/dalek-lite-fork/blob/main/curve25519-dalek/src/field.rs#L529,yes,yes
FieldElement::ct_eq,curve25519_dalek::field,https://github.com/avrevic/dalek-lite-fork/blob/main/curve25519-dalek/src/field.rs#L150,yes,yes
FieldElement::eq,curve25519_dalek::field,https://github.com/avrevic/dalek-lite-fork/blob/main/curve25519-dalek/src/field.rs#L113,yes,yes
FieldElement::invert,curve25519_dalek::field,https://github.com/avrevic/dalek-lite-fork/blob/main/curve25519-dalek/src/field.rs#L810,yes,yes
FieldElement::invsqrt,curve25519_dalek::field,https://github.com/avrevic/dalek-lite-fork/blob/main/curve25519-dalek/src/field.rs#L1287,yes,yes
FieldElement::is_negative,curve25519_dalek::field,https://github.com/avrevic/dalek-lite-fork/blob/main/curve25519-dalek/src/field.rs#L221,yes,yes
FieldElement::is_zero,curve25519_dalek::field,https://github.com/avrevic/dalek-lite-fork/blob/main/curve25519-dalek/src/field.rs#L249,yes,yes
FieldElement::pow22501,curve25519_dalek::field,https://github.com/avrevic/dalek-lite-fork/blob/main/curve25519-dalek/src/field.rs#L297,yes,yes
FieldElement::pow_p58,curve25519_dalek::field,https://github.com/avrevic/dalek-lite-fork/blob/main/curve25519-dalek/src/field.rs#L851,yes,yes
FieldElement::sqrt_ratio_i,curve25519_dalek::field,https://github.com/avrevic/dalek-lite-fork/blob/main/curve25519-dalek/src/field.rs#L924,yes,yes
LookupTable <AffineNielsPoint>::default,curve25519_dalek::window,https://github.com/avrevic/dalek-lite-fork/blob/main/curve25519-dalek/src/window.rs#L251,yes,yes
LookupTable <AffineNielsPoint>::from,curve25519_dalek::window,https://github.com/avrevic/dalek-lite-fork/blob/main/curve25519-dalek/src/window.rs#L369,yes,
LookupTable <ProjectiveNielsPoint>::default,curve25519_dalek::window,https://github.com/avrevic/dalek-lite-fork/blob/main/curve25519-dalek/src/window.rs#L264,yes,yes
LookupTable <ProjectiveNielsPoint>::from,curve25519_dalek::window,https://github.com/avrevic/dalek-lite-fork/blob/main/curve25519-dalek/src/window.rs#L297,yes,
MontgomeryPoint::as_bytes,curve25519_dalek::montgomery,https://github.com/avrevic/dalek-lite-fork/blob/main/curve25519-dalek/src/montgomery.rs#L1096,yes,yes
MontgomeryPoint::ct_eq,curve25519_dalek::montgomery,https://github.com/avrevic/dalek-lite-fork/blob/main/curve25519-dalek/src/montgomery.rs#L170,yes,yes
MontgomeryPoint::default,curve25519_dalek::montgomery,https://github.com/avrevic/dalek-lite-fork/blob/main/curve25519-dalek/src/montgomery.rs#L152,yes,yes
MontgomeryPoint::eq,curve25519_dalek::montgomery,https://github.com/avrevic/dalek-lite-fork/blob/main/curve25519-dalek/src/montgomery.rs#L230,yes,yes
MontgomeryPoint::hash,curve25519_dalek::montgomery,https://github.com/avrevic/dalek-lite-fork/blob/main/curve25519-dalek/src/montgomery.rs#L260,yes,yes
MontgomeryPoint::identity,curve25519_dalek::montgomery,https://github.com/avrevic/dalek-lite-fork/blob/main/curve25519-dalek/src/montgomery.rs#L326,yes,yes
MontgomeryPoint::mul_assign,curve25519_dalek::montgomery,https://github.com/avrevic/dalek-lite-fork/blob/main/curve25519-dalek/src/montgomery.rs#L2744,yes,yes
MontgomeryPoint::mul_base,curve25519_dalek::montgomery,https://github.com/avrevic/dalek-lite-fork/blob/main/curve25519-dalek/src/montgomery.rs#L372,yes,yes
MontgomeryPoint::mul_base_clamped,curve25519_dalek::montgomery,https://github.com/avrevic/dalek-lite-fork/blob/main/curve25519-dalek/src/montgomery.rs#L470,yes,yes
MontgomeryPoint::mul_bits_be,curve25519_dalek::montgomery,https://github.com/avrevic/dalek-lite-fork/blob/main/curve25519-dalek/src/montgomery.rs#L493,yes,yes
MontgomeryPoint::mul_clamped,curve25519_dalek::montgomery,https://github.com/avrevic/dalek-lite-fork/blob/main/curve25519-dalek/src/montgomery.rs#L425,yes,yes
MontgomeryPoint::to_bytes,curve25519_dalek::montgomery,https://github.com/avrevic/dalek-lite-fork/blob/main/curve25519-dalek/src/montgomery.rs#L1104,yes,yes
MontgomeryPoint::to_edwards,curve25519_dalek::montgomery,https://github.com/avrevic/dalek-lite-fork/blob/main/curve25519-dalek/src/montgomery.rs#L1112,yes,yes
MontgomeryPoint::zeroize,curve25519_dalek::montgomery,https://github.com/avrevic/dalek-lite-fork/blob/main/curve25519-dalek/src/montgomery.rs#L353,yes,yes
NafLookupTable5 <AffineNielsPoint>::from,curve25519_dalek::window,https://github.com/avrevic/dalek-lite-fork/blob/main/curve25519-dalek/src/window.rs#L612,yes,
NafLookupTable5 <AffineNielsPoint>::select,curve25519_dalek::window,https://github.com/avrevic/dalek-lite-fork/blob/main/curve25519-dalek/src/window.rs#L513,yes,yes
NafLookupTable5 <ProjectiveNielsPoint>::from,curve25519_dalek::window,https://github.com/avrevic/dalek-lite-fork/blob/main/curve25519-dalek/src/window.rs#L552,yes,
NafLookupTable5 <ProjectiveNielsPoint>::select,curve25519_dalek::window,https://github.com/avrevic/dalek-lite-fork/blob/main/curve25519-dalek/src/window.rs#L488,yes,yes
NafLookupTable8 <AffineNielsPoint>::from,curve25519_dalek::window,https://github.com/avrevic/dalek-lite-fork/blob/main/curve25519-dalek/src/window.rs#L841,yes,
NafLookupTable8 <AffineNielsPoint>::select,curve25519_dalek::window,https://github.com/avrevic/dalek-lite-fork/blob/main/curve25519-dalek/src/window.rs#L734,yes,yes
NafLookupTable8 <ProjectiveNielsPoint>::from,curve25519_dalek::window,https://github.com/avrevic/dalek-lite-fork/blob/main/curve25519-dalek/src/window.rs#L780,yes,
NafLookupTable8 <ProjectiveNielsPoint>::select,curve25519_dalek::window,https://github.com/avrevic/dalek-lite-fork/blob/main/curve25519-dalek/src/window.rs#L708,yes,yes
Pippenger::optional_multiscalar_mul_verus,curve25519_dalek::backend::serial::scalar_mul::pippenger,https://github.com/avrevic/dalek-lite-fork/blob/main/curve25519-dalek/src/backend/serial/scalar_mul/pippenger.rs#L217,yes,
ProjectiveNielsPoint::conditional_assign,curve25519_dalek::backend::serial::curve_models,https://github.com/avrevic/dalek-lite-fork/blob/main/curve25519-dalek/src/backend/serial/curve_models/mod.rs#L438,yes,yes
ProjectiveNielsPoint::conditional_select,curve25519_dalek::backend::serial::curve_models,https://github.com/avrevic/dalek-lite-fork/blob/main/curve25519-dalek/src/backend/serial/curve_models/mod.rs#L396,yes,yes
ProjectiveNielsPoint::default,curve25519_dalek::backend::serial::curve_models,https://github.com/avrevic/dalek-lite-fork/blob/main/curve25519-dalek/src/backend/serial/curve_models/mod.rs#L290,yes,yes
ProjectiveNielsPoint::identity,curve25519_dalek::backend::serial::curve_models,https://github.com/avrevic/dalek-lite-fork/blob/main/curve25519-dalek/src/backend/serial/curve_models/mod.rs#L276,yes,yes
ProjectiveNielsPoint::zeroize,curve25519_dalek::backend::serial::curve_models,https://github.com/avrevic/dalek-lite-fork/blob/main/curve25519-dalek/src/backend/serial/curve_models/mod.rs#L242,yes,yes
ProjectivePoint::as_affine,curve25519_dalek::montgomery,https://github.com/avrevic/dalek-lite-fork/blob/main/curve25519-dalek/src/montgomery.rs#L1882,yes,yes
ProjectivePoint::as_extended,curve25519_dalek::backend::serial::curve_models,https://github.com/avrevic/dalek-lite-fork/blob/main/curve25519-dalek/src/backend/serial/curve_models/mod.rs#L555,yes,
ProjectivePoint::conditional_select,curve25519_dalek::montgomery,https://github.com/avrevic/dalek-lite-fork/blob/main/curve25519-dalek/src/montgomery.rs#L1836,yes,yes
ProjectivePoint::default,curve25519_dalek::montgomery,https://github.com/avrevic/dalek-lite-fork/blob/main/curve25519-dalek/src/montgomery.rs#L1824,yes,yes
ProjectivePoint::double,curve25519_dalek::backend::serial::curve_models,https://github.com/avrevic/dalek-lite-fork/blob/main/curve25519-dalek/src/backend/serial/curve_models/mod.rs#L773,yes,
ProjectivePoint::identity,curve25519_dalek::backend::serial::curve_models,https://github.com/avrevic/dalek-lite-fork/blob/main/curve25519-dalek/src/backend/serial/curve_models/mod.rs#L267,yes,yes
ProjectivePoint::identity,curve25519_dalek::montgomery,https://github.com/avrevic/dalek-lite-fork/blob/main/curve25519-dalek/src/montgomery.rs#L1774,yes,yes
ProjectivePoint::is_valid,curve25519_dalek::backend::serial::curve_models,https://github.com/avrevic/dalek-lite-fork/blob/main/curve25519-dalek/src/backend/serial/curve_models/mod.rs#L327,yes,
RistrettoBasepointTable::basepoint,curve25519_dalek::ristretto,https://github.com/avrevic/dalek-lite-fork/blob/main/curve25519-dalek/src/ristretto.rs#L2280,yes,yes
RistrettoBasepointTable::create,curve25519_dalek::ristretto,https://github.com/avrevic/dalek-lite-fork/blob/main/curve25519-dalek/src/ristretto.rs#L2270,yes,yes
RistrettoPoint::add_assign,curve25519_dalek::ristretto,https://github.com/avrevic/dalek-lite-fork/blob/main/curve25519-dalek/src/ristretto.rs#L1575,yes,yes
RistrettoPoint::compress,curve25519_dalek::ristretto,https://github.com/avrevic/dalek-lite-fork/blob/main/curve25519-dalek/src/ristretto.rs#L652,yes,
RistrettoPoint::conditional_select,curve25519_dalek::ristretto,https://github.com/avrevic/dalek-lite-fork/blob/main/curve25519-dalek/src/ristretto.rs#L2299,yes,yes
RistrettoPoint::coset4,curve25519_dalek::ristretto,https://github.com/avrevic/dalek-lite-fork/blob/main/curve25519-dalek/src/ristretto.rs#L1080,yes,yes
RistrettoPoint::ct_eq,curve25519_dalek::ristretto,https://github.com/avrevic/dalek-lite-fork/blob/main/curve25519-dalek/src/ristretto.rs#L1495,yes,
RistrettoPoint::default,curve25519_dalek::ristretto,https://github.com/avrevic/dalek-lite-fork/blob/main/curve25519-dalek/src/ristretto.rs#L1458,yes,yes
RistrettoPoint::double_and_compress_batch_verus,curve25519_dalek::ristretto,https://github.com/avrevic/dalek-lite-fork/blob/main/curve25519-dalek/src/ristretto.rs#L912,yes,
RistrettoPoint::elligator_ristretto_flavor,curve25519_dalek::ristretto,https://github.com/avrevic/dalek-lite-fork/blob/main/curve25519-dalek/src/ristretto.rs#L1153,yes,
RistrettoPoint::from_hash_verus,curve25519_dalek::ristretto,https://github.com/avrevic/dalek-lite-fork/blob/main/curve25519-dalek/src/ristretto.rs#L1342,yes,yes
RistrettoPoint::from_uniform_bytes,curve25519_dalek::ristretto,https://github.com/avrevic/dalek-lite-fork/blob/main/curve25519-dalek/src/ristretto.rs#L1365,yes,
RistrettoPoint::hash_from_bytes_verus,curve25519_dalek::ristretto,https://github.com/avrevic/dalek-lite-fork/blob/main/curve25519-dalek/src/ristretto.rs#L1292,yes,yes
RistrettoPoint::identity,curve25519_dalek::ristretto,https://github.com/avrevic/dalek-lite-fork/blob/main/curve25519-dalek/src/ristretto.rs#L1444,yes,
RistrettoPoint::mul_assign,curve25519_dalek::ristretto,https://github.com/avrevic/dalek-lite-fork/blob/main/curve25519-dalek/src/ristretto.rs#L1847,yes,yes
RistrettoPoint::mul_base,curve25519_dalek::ristretto,https://github.com/avrevic/dalek-lite-fork/blob/main/curve25519-dalek/src/ristretto.rs#L1910,yes,
RistrettoPoint::multiscalar_mul_verus,curve25519_dalek::ristretto,https://github.com/avrevic/dalek-lite-fork/blob/main/curve25519-dalek/src/ristretto.rs#L2014,yes,yes
RistrettoPoint::neg,curve25519_dalek::ristretto,https://github.com/avrevic/dalek-lite-fork/blob/main/curve25519-dalek/src/ristretto.rs#L1831,yes,yes
RistrettoPoint::optional_multiscalar_mul_verus,curve25519_dalek::ristretto,https://github.com/avrevic/dalek-lite-fork/blob/main/curve25519-dalek/src/ristretto.rs#L2068,yes,yes
RistrettoPoint::sub_assign,curve25519_dalek::ristretto,https://github.com/avrevic/dalek-lite-fork/blob/main/curve25519-dalek/src/ristretto.rs#L1629,yes,yes
RistrettoPoint::sum,curve25519_dalek::ristretto,https://github.com/avrevic/dalek-lite-fork/blob/main/curve25519-dalek/src/ristretto.rs#L1732,yes,yes
RistrettoPoint::sum_of_slice,curve25519_dalek::ristretto,https://github.com/avrevic/dalek-lite-fork/blob/main/curve25519-dalek/src/ristretto.rs#L1680,yes,yes
RistrettoPoint::vartime_double_scalar_mul_basepoint,curve25519_dalek::ristretto,https://github.com/avrevic/dalek-lite-fork/blob/main/curve25519-dalek/src/ristretto.rs#L2179,yes,yes
RistrettoPoint::zeroize,curve25519_dalek::ristretto,https://github.com/avrevic/dalek-lite-fork/blob/main/curve25519-dalek/src/ristretto.rs#L2455,yes,yes
Scalar52::add,curve25519_dalek::backend::serial::u64::scalar,https://github.com/avrevic/dalek-lite-fork/blob/main/curve25519-dalek/src/backend/serial/u64/scalar.rs#L555,yes,yes
Scalar52::as_bytes,curve25519_dalek::backend::serial::u64::scalar,https://github.com/avrevic/dalek-lite-fork/blob/main/curve25519-dalek/src/backend/serial/u64/scalar.rs#L501,yes,yes
Scalar52::as_montgomery,curve25519_dalek::backend::serial::u64::scalar,https://github.com/avrevic/dalek-lite-fork/blob/main/curve25519-dalek/src/backend/serial/u64/scalar.rs#L1977,yes,yes
Scalar52::conditional_add_l,curve25519_dalek::backend::serial::u64::scalar,https://github.com/avrevic/dalek-lite-fork/blob/main/curve25519-dalek/src/backend/serial/u64/scalar.rs#L672,yes,
Scalar52::from_bytes,curve25519_dalek::backend::serial::u64::scalar,https://github.com/avrevic/dalek-lite-fork/blob/main/curve25519-dalek/src/backend/serial/u64/scalar.rs#L162,yes,yes
Scalar52::from_bytes_wide,curve25519_dalek::backend::serial::u64::scalar,https://github.com/avrevic/dalek-lite-fork/blob/main/curve25519-dalek/src/backend/serial/u64/scalar.rs#L233,yes,yes
Scalar52::from_montgomery,curve25519_dalek::backend::serial::u64::scalar,https://github.com/avrevic/dalek-lite-fork/blob/main/curve25519-dalek/src/backend/serial/u64/scalar.rs#L2019,yes,yes
Scalar52::index,curve25519_dalek::backend::serial::u64::scalar,https://github.com/avrevic/dalek-lite-fork/blob/main/curve25519-dalek/src/backend/serial/u64/scalar.rs#L126,yes,yes
Scalar52::montgomery_mul,curve25519_dalek::backend::serial::u64::scalar,https://github.com/avrevic/dalek-lite-fork/blob/main/curve25519-dalek/src/backend/serial/u64/scalar.rs#L1887,yes,yes
Scalar52::montgomery_reduce,curve25519_dalek::backend::serial::u64::scalar,https://github.com/avrevic/dalek-lite-fork/blob/main/curve25519-dalek/src/backend/serial/u64/scalar.rs#L1095,yes,yes
Scalar52::montgomery_square,curve25519_dalek::backend::serial::u64::scalar,https://github.com/avrevic/dalek-lite-fork/blob/main/curve25519-dalek/src/backend/serial/u64/scalar.rs#L1934,yes,yes
Scalar52::mul,curve25519_dalek::backend::serial::u64::scalar,https://github.com/avrevic/dalek-lite-fork/blob/main/curve25519-dalek/src/backend/serial/u64/scalar.rs#L1719,yes,yes
Scalar52::mul_internal,curve25519_dalek::backend::serial::u64::scalar,https://github.com/avrevic/dalek-lite-fork/blob/main/curve25519-dalek/src/backend/serial/u64/scalar.rs#L937,yes,yes
Scalar52::part1,curve25519_dalek::backend::serial::u64::scalar,https://github.com/avrevic/dalek-lite-fork/blob/main/curve25519-dalek/src/backend/serial/u64/scalar.rs#L1606,yes,yes
Scalar52::part2,curve25519_dalek::backend::serial::u64::scalar,https://github.com/avrevic/dalek-lite-fork/blob/main/curve25519-dalek/src/backend/serial/u64/scalar.rs#L1697,yes,yes
Scalar52::square,curve25519_dalek::backend::serial::u64::scalar,https://github.com/avrevic/dalek-lite-fork/blob/main/curve25519-dalek/src/backend/serial/u64/scalar.rs#L1806,yes,yes
Scalar52::square_internal,curve25519_dalek::backend::serial::u64::scalar,https://github.com/avrevic/dalek-lite-fork/blob/main/curve25519-dalek/src/backend/serial/u64/scalar.rs#L997,yes,yes
Scalar52::sub,curve25519_dalek::backend::serial::u64::scalar,https://github.com/avrevic/dalek-lite-fork/blob/main/curve25519-dalek/src/backend/serial/u64/scalar.rs#L744,yes,yes
Scalar52::sub_new,curve25519_dalek::backend::serial::u64::scalar,https://github.com/avrevic/dalek-lite-fork/blob/main/curve25519-dalek/src/backend/serial/u64/scalar.rs#L644,yes,
Scalar52::zeroize,curve25519_dalek::backend::serial::u64::scalar,https://github.com/avrevic/dalek-lite-fork/blob/main/curve25519-dalek/src/backend/serial/u64/scalar.rs#L114,yes,yes
Scalar::add_assign,curve25519_dalek::scalar,https://github.com/avrevic/dalek-lite-fork/blob/main/curve25519-dalek/src/scalar.rs#L704,yes,yes
Scalar::as_bytes,curve25519_dalek::scalar,https://github.com/avrevic/dalek-lite-fork/blob/main/curve25519-dalek/src/scalar.rs#L1601,yes,yes
Scalar::as_radix_16,curve25519_dalek::scalar,https://github.com/avrevic/dalek-lite-fork/blob/main/curve25519-dalek/src/scalar.rs#L2894,yes,yes
Scalar::as_radix_2w,curve25519_dalek::scalar,https://github.com/avrevic/dalek-lite-fork/blob/main/curve25519-dalek/src/scalar.rs#L3142,yes,yes
Scalar::batch_invert,curve25519_dalek::scalar,https://github.com/avrevic/dalek-lite-fork/blob/main/curve25519-dalek/src/scalar.rs#L1699,yes,yes
Scalar::bits_le,curve25519_dalek::scalar,https://github.com/avrevic/dalek-lite-fork/blob/main/curve25519-dalek/src/scalar.rs#L2202,yes,yes
Scalar::ct_eq,curve25519_dalek::scalar,https://github.com/avrevic/dalek-lite-fork/blob/main/curve25519-dalek/src/scalar.rs#L472,yes,yes
Scalar::default,curve25519_dalek::scalar,https://github.com/avrevic/dalek-lite-fork/blob/main/curve25519-dalek/src/scalar.rs#L1064,yes,yes
Scalar::eq,curve25519_dalek::scalar,https://github.com/avrevic/dalek-lite-fork/blob/main/curve25519-dalek/src/scalar.rs#L451,yes,yes
Scalar::from,curve25519_dalek::scalar,https://github.com/avrevic/dalek-lite-fork/blob/main/curve25519-dalek/src/scalar.rs#L1133,yes,yes
Scalar::from,curve25519_dalek::scalar,https://github.com/avrevic/dalek-lite-fork/blob/main/curve25519-dalek/src/scalar.rs#L1152,yes,yes
Scalar::from,curve25519_dalek::scalar,https://github.com/avrevic/dalek-lite-fork/blob/main/curve25519-dalek/src/scalar.rs#L1188,yes,yes
Scalar::from,curve25519_dalek::scalar,https://github.com/avrevic/dalek-lite-fork/blob/main/curve25519-dalek/src/scalar.rs#L1221,yes,yes
Scalar::from,curve25519_dalek::scalar,https://github.com/avrevic/dalek-lite-fork/blob/main/curve25519-dalek/src/scalar.rs#L1274,yes,yes
Scalar::from_bytes_mod_order,curve25519_dalek::scalar,https://github.com/avrevic/dalek-lite-fork/blob/main/curve25519-dalek/src/scalar.rs#L271,yes,yes
Scalar::from_bytes_mod_order_wide,curve25519_dalek::scalar,https://github.com/avrevic/dalek-lite-fork/blob/main/curve25519-dalek/src/scalar.rs#L294,yes,yes
Scalar::from_canonical_bytes,curve25519_dalek::scalar,https://github.com/avrevic/dalek-lite-fork/blob/main/curve25519-dalek/src/scalar.rs#L353,yes,yes
Scalar::from_hash_verus,curve25519_dalek::scalar,https://github.com/avrevic/dalek-lite-fork/blob/main/curve25519-dalek/src/scalar.rs#L1560,yes,yes
Scalar::hash_from_bytes_verus,curve25519_dalek::scalar,https://github.com/avrevic/dalek-lite-fork/blob/main/curve25519-dalek/src/scalar.rs#L1484,yes,yes
Scalar::index,curve25519_dalek::scalar,https://github.com/avrevic/dalek-lite-fork/blob/main/curve25519-dalek/src/scalar.rs#L489,yes,yes
Scalar::invert,curve25519_dalek::scalar,https://github.com/avrevic/dalek-lite-fork/blob/main/curve25519-dalek/src/scalar.rs#L1622,yes,yes
Scalar::is_canonical,curve25519_dalek::scalar,https://github.com/avrevic/dalek-lite-fork/blob/main/curve25519-dalek/src/scalar.rs#L3723,yes,yes
Scalar::mul_assign,curve25519_dalek::scalar,https://github.com/avrevic/dalek-lite-fork/blob/main/curve25519-dalek/src/scalar.rs#L510,yes,yes
Scalar::neg,curve25519_dalek::scalar,https://github.com/avrevic/dalek-lite-fork/blob/main/curve25519-dalek/src/scalar.rs#L968,yes,yes
Scalar::non_adjacent_form,curve25519_dalek::scalar,https://github.com/avrevic/dalek-lite-fork/blob/main/curve25519-dalek/src/scalar.rs#L2276,yes,yes
Scalar::product,curve25519_dalek::scalar,https://github.com/avrevic/dalek-lite-fork/blob/main/curve25519-dalek/src/scalar.rs#L1021,yes,yes
Scalar::product_of_slice,curve25519_dalek::scalar_helpers,https://github.com/avrevic/dalek-lite-fork/blob/main/curve25519-dalek/src/scalar_helpers.rs#L82,yes,yes
Scalar::random,curve25519_dalek::scalar,https://github.com/avrevic/dalek-lite-fork/blob/main/curve25519-dalek/src/scalar.rs#L1407,yes,yes
Scalar::reduce,curve25519_dalek::scalar,https://github.com/avrevic/dalek-lite-fork/blob/main/curve25519-dalek/src/scalar.rs#L3641,yes,yes
Scalar::sub_assign,curve25519_dalek::scalar,https://github.com/avrevic/dalek-lite-fork/blob/main/curve25519-dalek/src/scalar.rs#L827,yes,yes
Scalar::sum,curve25519_dalek::scalar,https://github.com/avrevic/dalek-lite-fork/blob/main/curve25519-dalek/src/scalar.rs#L1052,yes,yes
Scalar::sum_of_slice,curve25519_dalek::scalar_helpers,https://github.com/avrevic/dalek-lite-fork/blob/main/curve25519-dalek/src/scalar_helpers.rs#L158,yes,yes
Scalar::to_bytes,curve25519_dalek::scalar,https://github.com/avrevic/dalek-lite-fork/blob/main/curve25519-dalek/src/scalar.rs#L1582,yes,yes
Scalar::to_radix_2w_size_hint,curve25519_dalek::scalar,https://github.com/avrevic/dalek-lite-fork/blob/main/curve25519-dalek/src/scalar.rs#L3103,yes,yes
Scalar::unpack,curve25519_dalek::scalar,https://github.com/avrevic/dalek-lite-fork/blob/main/curve25519-dalek/src/scalar.rs#L3627,yes,yes
Scalar::zeroize,curve25519_dalek::scalar,https://github.com/avrevic/dalek-lite-fork/blob/main/curve25519-dalek/src/scalar.rs#L1311,yes,yes
Straus::multiscalar_mul_verus,curve25519_dalek::backend::serial::scalar_mul::straus,https://github.com/avrevic/dalek-lite-fork/blob/main/curve25519-dalek/src/backend/serial/scalar_mul/straus.rs#L450,yes,
Straus::optional_multiscalar_mul_verus,curve25519_dalek::backend::serial::scalar_mul::straus,https://github.com/avrevic/dalek-lite-fork/blob/main/curve25519-dalek/src/backend/serial/scalar_mul/straus.rs#L266,yes,
T::is_identity,curve25519_dalek::traits,https://github.com/avrevic/dalek-lite-fork/blob/main/curve25519-dalek/src/traits.rs#L51,yes,
UnpackedScalar::invert,curve25519_dalek::scalar,https://github.com/avrevic/dalek-lite-fork/blob/main/curve25519-dalek/src/scalar.rs#L4666,yes,yes
UnpackedScalar::montgomery_invert,curve25519_dalek::scalar,https://github.com/avrevic/dalek-lite-fork/blob/main/curve25519-dalek/src/scalar.rs#L3950,yes,yes
UnpackedScalar::pack,curve25519_dalek::scalar,https://github.com/avrevic/dalek-lite-fork/blob/main/curve25519-dalek/src/scalar.rs#L3872,yes,yes
bot_half,curve25519_dalek::scalar,https://github.com/avrevic/dalek-lite-fork/blob/main/curve25519-dalek/src/scalar.rs#L2160,yes,yes
clamp_integer,curve25519_dalek::scalar,https://github.com/avrevic/dalek-lite-fork/blob/main/curve25519-dalek/src/scalar.rs#L4939,yes,yes
differential_add_and_double,curve25519_dalek::montgomery,https://github.com/avrevic/dalek-lite-fork/blob/main/curve25519-dalek/src/montgomery.rs#L1978,yes,yes
elligator_encode,curve25519_dalek::montgomery,https://github.com/avrevic/dalek-lite-fork/blob/main/curve25519-dalek/src/montgomery.rs#L1271,yes,yes
get_selected_backend,curve25519_dalek::backend,https://github.com/avrevic/dalek-lite-fork/blob/main/curve25519-dalek/src/backend/mod.rs#L70,yes,yes
load8_at,curve25519_dalek::backend::serial::u64::field,https://github.com/avrevic/dalek-lite-fork/blob/main/curve25519-dalek/src/backend/serial/u64/field.rs#L142,yes,yes
m,curve25519_dalek::backend::serial::u64::field,https://github.com/avrevic/dalek-lite-fork/blob/main/curve25519-dalek/src/backend/serial/u64/field.rs#L160,yes,yes
m,curve25519_dalek::backend::serial::u64::scalar,https://github.com/avrevic/dalek-lite-fork/blob/main/curve25519-dalek/src/backend/serial/u64/scalar.rs#L146,yes,yes
mul,curve25519_dalek::backend::serial::scalar_mul::variable_base,https://github.com/avrevic/dalek-lite-fork/blob/main/curve25519-dalek/src/backend/serial/scalar_mul/variable_base.rs#L44,yes,yes
mul,curve25519_dalek::backend::serial::scalar_mul::vartime_double_base,https://github.com/avrevic/dalek-lite-fork/blob/main/curve25519-dalek/src/backend/serial/scalar_mul/vartime_double_base.rs#L40,yes,
pippenger_optional_multiscalar_mul_verus,curve25519_dalek::backend,https://github.com/avrevic/dalek-lite-fork/blob/main/curve25519-dalek/src/backend/mod.rs#L378,yes,yes
read_le_u64_into,curve25519_dalek::scalar,https://github.com/avrevic/dalek-lite-fork/blob/main/curve25519-dalek/src/scalar.rs#L4871,yes,yes
square_multiply,curve25519_dalek::scalar,https://github.com/avrevic/dalek-lite-fork/blob/main/curve25519-dalek/src/scalar.rs#L3746,yes,yes
step_1,curve25519_dalek::edwards,https://github.com/avrevic/dalek-lite-fork/blob/main/curve25519-dalek/src/edwards.rs#L356,yes,yes
step_1,curve25519_dalek::ristretto,https://github.com/avrevic/dalek-lite-fork/blob/main/curve25519-dalek/src/ristretto.rs#L380,yes,
step_2,curve25519_dalek::edwards,https://github.com/avrevic/dalek-lite-fork/blob/main/curve25519-dalek/src/edwards.rs#L504,yes,yes
step_2,curve25519_dalek::ristretto,https://github.com/avrevic/dalek-lite-fork/blob/main/curve25519-dalek/src/ristretto.rs#L427,yes,
straus_multiscalar_mul_verus,curve25519_dalek::backend,https://github.com/avrevic/dalek-lite-fork/blob/main/curve25519-dalek/src/backend/mod.rs#L309,yes,yes
straus_optional_multiscalar_mul_verus,curve25519_dalek::backend,https://github.com/avrevic/dalek-lite-fork/blob/main/curve25519-dalek/src/backend/mod.rs#L342,yes,yes
top_half,curve25519_dalek::scalar,https://github.com/avrevic/dalek-lite-fork/blob/main/curve25519-dalek/src/scalar.rs#L2181,yes,yes
variable_base_mul,curve25519_dalek::backend,https://github.com/avrevic/dalek-lite-fork/blob/main/curve25519-dalek/src/backend/mod.rs#L252,yes,yes
vartime_double_base_mul,curve25519_dalek::backend,https://github.com/avrevic/dalek-lite-fork/blob/main/curve25519-dalek/src/backend/mod.rs#L282,yes,yes
